,Player_name,PageRank
5,Kim Little,0.13308859499601278
1,Danielle van de Donk,0.11756429874401916
4,Jordan Nobbs,0.10692885566188198
3,Emma Mukandi,0.09978461323763957
7,Lia Wälti,0.09379718002392345
2,Dominique Johanna Anna Petrone Janssen,0.09194127791068582
10,Vivianne Miedema,0.0876349302232855
0,Bethany Mead,0.0857286543062201
6,Leah Williamson,0.07926675538277513
8,Lisa Evans,0.07302139653110049
9,Pauline Peyraud Magnin,0.031243442982456147
