,Player_name,PageRank
2,Jennifer Patricia Beattie,0.11335687566113802
6,Leah Williamson,0.1132457490119257
8,Lisa Evans,0.10984251003197662
7,Lia Wälti,0.1017491383288996
1,Danielle van de Donk,0.10150838838678546
4,Katie McCabe,0.10071525791517655
5,Kim Little,0.09551416697560186
3,Jill Roord,0.08464867067563311
0,Bethany Mead,0.07396377510420787
10,Vivianne Miedema,0.054069166957119344
9,Manuela Zinsberger,0.05138630095153598
