,Player_name,PageRank
2,Janni Arnth-Jensen,0.13614279265926257
5,Leah Williamson,0.13195721565141208
3,Katie McCabe,0.11421813654408253
4,Kim Little,0.10467612289406121
1,Dominique Johanna Anna Petrone Janssen,0.10339440333863739
7,Lisa Evans,0.0904823630997812
8,Louise Quinn,0.07649869038213417
6,Lia Wälti,0.07342217291008983
0,Bethany Mead,0.05865944897653945
10,Vivianne Miedema,0.0573410211769406
9,Pauline Peyraud Magnin,0.05320763236705903
