,Player_name,PageRank
6,Lia Wälti,0.12089670675183041
0,Danielle van de Donk,0.11086028640089313
2,Jordan Nobbs,0.1101198122983673
9,Viktoria Schnaderbeck,0.0984772865893768
4,Kim Little,0.09800041262364681
3,Katie McCabe,0.09662698595397104
5,Leah Williamson,0.09103467725623964
1,Jill Roord,0.09012030608843269
7,Louise Quinn,0.08320305733518578
10,Vivianne Miedema,0.053285394428623796
8,Manuela Zinsberger,0.04737507427343265
