,Player_name,PageRank
2,Carlotte Wubben-Moy,0.1557964836396861
6,Leah Williamson,0.15339385641074807
4,Katie McCabe,0.1026545439431576
9,Manuela Zinsberger,0.09850568121028325
7,Leonie Maier,0.09231067881267421
0,Bethany Mead,0.07497564265737382
3,Jill Roord,0.07383260521847845
8,Lia Wälti,0.0683859391685154
1,Caitlin Jade Foord,0.06731779081011666
5,Kim Little,0.0670055673292689
10,Vivianne Miedema,0.04582121079969759
