,Player_name,PageRank
1,Carlotte Wubben-Moy,0.12512950530127068
4,Katie McCabe,0.12482746612127665
9,Noelle Maritz,0.1153321970712419
6,Lia Wälti,0.11498390219757416
5,Leah Williamson,0.10443051581610137
3,Jill Roord,0.08584051371071273
8,Lydia Grace Yilkari Williams,0.07468230307083232
0,Bethany Mead,0.07186932284094916
10,Vivianne Miedema,0.06336201524455301
7,Lisa Evans,0.0620891696590681
2,Danielle van de Donk,0.05745308896641993
